Zona,Reddito pro-capite 2009,Reddito pro-capite 2010,Reddito pro-capite 2011,Reddito pro-capite 2012,Reddito pro-capite 2013,Reddito pro-capite 2014,Reddito pro-capite 2015,Reddito pro-capite 2016
Borgo Panigale,19945,20044,20143,20312,20815,20779,20967,21271
Lame,21344,21330,21789,21996,21996,21697,22553,22337
Corticella,20647,20985,21063,21338,21510,21412,21275,21587
San Donato,20837,21340,21202,21235,21688,20656,20765,20818
Bolognina,21540,20956,20455,20188,20408,20594,20224,20193
Santa Viola,20959,20876,21173,21274,21625,21662,22205,22368
Barca,20292,20567,20762,21037,21474,21476,21535,21696
Saffi,23797,23407,24659,24638,24568,24477,24028,24559
Costa Saragozza,35405,35255,36693,38289,35803,41761,39943,41007
Colli,46802,47051,45974,44945,46149,45682,47844,49776
San Ruffillo,27058,27316,27008,27096,27062,27650,27683,27565
Mazzini,22478,22076,22073,22540,22700,23022,23360,23480
Murri,41737,42054,39766,39536,41430,39490,38976,39200
San Vitale,22714,23504,23778,23682,23968,23946,24357,24450
Marconi,35054,35032,33558,33452,33262,33560,34112,33600
Irnerio,32718,32928,32552,32836,33338,33262,33286,33612
Galvani,44530,42795,43228,41288,42780,43399,45357,55290
Malpighi,37682,37173,37129,36078,36172,36896,40482,40300
