Column1;Area Statistica;Reddito pro-capite 2009;Reddito pro-capite 2010;Reddito pro-capite 2011;Reddito pro-capite 2012;Reddito pro-capite 2013;Reddito pro-capite 2014;Reddito pro-capite 2015;Reddito pro-capite 2016
0;Aeroporto;19176;20219;20550;20203;20313;20598;20535;21110
1;Agucchi;20010;19782;20119;20049;20365;20452;20915;21178
2;Arcoveggio;20113;19902;19980;20000;20661;20641;20772;21065
3;Bargellino;20845;20479;20706;21385;21571;20714;21035;21968
4;Battindarno;20734;20877;21082;21457;21679;21955;21861;22074
5;Beverara;21027;20834;20796;20959;21299;21356;21311;21345
6;Bitone;20757;20826;20761;20990;21262;21246;21415;21626
7;Borgo Centro;19480;19612;19710;19762;20223;20376;20785;20859
8;CAAB;19955;20964;19836;20135;20697;20131;21347;20163
9;Cadriano-Calamosco;24727;24733;25313;25458;26557;25695;27160;27159
10;Canale di Reno;22821;23231;23487;23580;24065;24064;24199;24455
11;Caserme Rosse-Manifattura;19185;19504;19568;19315;19422;19231;19374;19464
12;Casteldebole;20433;20638;20807;21058;21398;21588;21960;21864
13;Cavedone;19630;19723;20026;20017;20408;20788;21126;20668
14;Chiesanuova;26392;26547;26420;26370;26696;26964;27345;27830
15;Cirenaica;23616;23811;23804;24116;24310;24485;24350;24640
16;CNR;30683;27573;24649;22450;22867;23162;18964;18671
17;Corelli;22618;22877;23115;23132;23322;23204;23564;23521
18;Croce Coperta;22254;22149;22349;23853;23009;23101;23189;23636
19;Croce del Biacco;19697;19711;19828;19825;20256;20445;20567;20335
20;Dagnini;24909;24891;24725;24951;25552;25384;25771;25965
21;Ducati-Villaggio Ina;19449;19577;19739;20015;20505;20805;21075;21064
22;Due Madonne;21391;21710;21571;21702;21931;21913;22621;22651
23;Emilia Ponente;21908;21970;22227;22499;22885;22871;23495;23559
24;Ex Mercato Ortofrutticolo;19413;19257;19361;19838;19342;20296;22030;21560
25;Fiera;20740;22222;22047;19801;20058;13751;14994;18608
26;Fossolo;26044;26094;26010;25871;25964;26432;26653;27058
27;Galvani-1;51601;49238;50573;47439;49796;51066;54347;73505
28;Galvani-2;37459;36352;35882;35137;35765;35732;36367;37074
29;Giardini Margherita;76727;74405;66001;68705;74812;65238;61364;60071
30;Guelfa;21057;21230;21297;21248;21662;21657;21951;22226
31;Irnerio-1;36652;36795;36300;37141;37226;37636;37282;37605
32;Irnerio-2;28784;29060;28803;28530;29449;28887;29291;29619
33;La Birra;20268;20489;19978;20176;20439;20322;20643;20862
34;La Dozza;23259;23824;23696;23767;24200;24067;24313;24158
35;La Noce;20595;20974;21333;21430;21275;20983;21347;21564
36;Laghetti del Rosario;28806;27871;27428;29548;27535;25320;26466;27861
37;Lavino di Mezzo;20338;20352;20710;21826;22237;22091;22101;22411
38;Lazzaretto;15431;16316;16898;17442;21653;21735;22806;21234
39;Lungo Reno;17146;15417;14735;14605;15913;15370;15692;17106
40;Lungo Savena;24820;21783;22191;22210;20556;21080;20723;20955
41;Malpighi-1;46734;45546;45311;43165;43060;44794;51990;51048
42;Malpighi-2;28631;28800;28947;28992;29283;28998;28973;29553
43;Marconi-1;40148;40014;37440;37211;36531;37050;37791;36926
44;Marconi-2;29961;30051;29675;29693;29992;30069;30433;30273
45;Mengoli;25288;25385;25287;25365;25525;25670;25934;25860
46;Mezzofanti;37438;37893;37282;36432;37585;37964;37913;38741
47;Michelino;18574;18890;18681;19037;19621;19459;19703;19758
48;Monte Donato;37540;38386;36907;36642;35990;38349;37539;37662
49;Mulino del Gomito;16419;16810;16829;15613;16340;16294;14261;15416
50;Ospedale Bellaria;22536;21621;21009;24430;25910;26890;27894;27843
51;Ospedale Sant Orsola;14693;14332;16351;15500;14396;15167;15301;15359
52;Osservanza;41290;40531;40727;39583;40541;40107;40815;43096
53;Paderno;50607;51691;48828;48450;48714;48146;52318;55612
54;Pescarola;19577;19661;19819;20086;20125;20549;20745;20665
55;Piazza dell Unita;20129;19762;19460;19623;19920;20088;19966;20068
56;Pilastro;17122;17176;16874;17285;17499;17526;17898;17825
57;Ponte Savena-La Bastia;23083;22837;22834;23467;23597;23606;24178;23050
58;Pontevecchio;21319;21384;21475;21346;21546;21642;21855;22009
59;Prati di Caprara-Ospedale Maggiore;27465;25384;30520;29012;28822;25936;25018;25749
60;Ravone;37301;38398;37423;37360;39462;39321;39957;41127
61;Rigosa;23307;24405;24635;24160;24736;25512;24552;24124
62;Roveri;24180;28561;27576;26377;26964;27894;28012;28077
63;San Donnino;20591;20665;20703;20841;21186;21294;21393;21351
64;San Giuseppe;34973;34975;35019;34873;35045;34665;35547;35359
65;San Luca;55014;53015;54885;58173;54227;57265;55043;60255
66;San Michele in Bosco;48509;48931;48367;46802;49191;48792;50399;50620
67;San Savino;20375;20418;20562;20840;21234;21377;21795;21781
68;Savena Abbandonato;20929;21724;21881;22616;22767;22222;22818;22945
69;Scalo Merci San Donato;26312;27471;27706;28743;28915;27387;22983;20717
70;Scalo Ravone;25998;25621;26194;27102;26164;28477;26080;27476
71;Scandellara;23073;24188;25283;25318;25949;24818;26187;26842
72;Siepelunga;43221;46533;44403;41223;42505;41898;42485;43392
73;Stadio-Meloncello;28163;27462;26688;26645;26340;27011;26908;27276
74;Stradelli Guelfi;24732;25616;25990;26577;27929;26889;28655;28702
75;Tiro A Segno;22630;22321;24462;22513;20087;20241;22645;21352
76;Triumvirato-Pietra;20293;20748;20686;20817;21546;21628;21859;21710
77;Velodromo;21591;21595;21916;22116;22550;22743;22857;23010
78;Via Arno;23326;23463;23542;23755;24026;24182;24592;25031
79;Via del Genio;41380;42321;51801;58923;44187;80118;70155;69443
80;Via del Lavoro;20097;20391;20143;20115;20687;20823;21272;21507
81;Via del Vivaio;18657;18550;19319;19423;20081;19567;20405;20902
82;Via Ferrarese;19719;19739;19712;19903;20236;20145;20241;20331
83;Via Larga;28090;28698;28583;28810;28724;28490;28254;28012
84;Via Mondo;19416;19550;19511;19697;19975;19836;20137;20270
85;Via Toscana;24992;25163;25176;25141;25340;25441;25451;26028
86;Via Vittorio Veneto;21899;22189;22388;22438;22744;22663;23182;23065
87;Villaggio della Barca;17321;17594;17717;18073;18677;18409;18546;18560
88;XXI Aprile;25003;24992;24840;24948;25198;25468;25908;26110
89;Zanardi;22032;22244;22276;22522;22560;22565;23003;23496
